,AA Mutation,counts
0,p.(H506_L508)fs*(143-145),1
1,p.557fs*?,1
2,p.?,477
3,p.?*,1
4,p.?del,2
5,p.?fs*?,15
6,p.A122S,1
7,p.A179T,1
8,p.A187P,1
9,p.A221T,2
10,p.A246fs*7,1
11,p.A269fs*12,1
12,p.A336fs*126,1
13,p.A368D,1
14,p.A368T,1
15,p.A376P,1
16,p.A380A,3
17,p.A386fs*76,1
18,p.A410T,2
19,p.A421V,1
20,p.A447fs*204,1
21,p.A525fs*126,1
22,p.A571S,1
23,p.A571fs*19,1
24,p.A571fs*80,1
25,p.A572_A574del,1
26,p.A572del,1
27,p.A575fs*76,1
28,p.A57fs*7,1
29,p.A610V,1
30,p.A644T,2
31,p.A644fs*24,1
32,p.A662G,1
33,p.A721P,1
34,p.A721V,1
35,p.A741V,2
36,p.A760fs*19,1
37,p.A760fs*5,1
38,p.A782D,1
39,p.A782fs*17,1
40,p.A80fs*12,1
41,p.A884V,1
42,p.A910P,2
43,p.A910V,4
44,p.C162Y,1
45,p.C305Y,1
46,p.C308G,1
47,p.C308R,2
48,p.C308Y,1
49,p.C351G,1
50,p.C351Y,1
51,p.C368fs*20,1
52,p.C373Y,1
53,p.C373fs*16,1
54,p.C494Y,3
55,p.C497G,3
56,p.C497R,2
57,p.C497Y,3
58,p.C521S,3
59,p.C524*,1
60,p.C537G,2
61,p.C540G,1
62,p.C540Y,1
63,p.C549*,1
64,p.C554Y,2
65,p.C555*,2
66,p.C557F,1
67,p.C557R,1
68,p.C557fs*20,1
69,p.C559Y,1
70,p.C562Y,2
71,p.C562fs*16,1
72,p.C583Y,1
73,p.C586Y,1
74,p.C666fs*39,2
75,p.C710S,5
76,p.C861_R866del,1
77,p.C911Y,1
78,p.D11A,1
79,p.D200N,1
80,p.D249N,1
81,p.D252*,1
82,p.D268H,1
83,p.D268N,1
84,p.D283fs*179,1
85,p.D303Y,1
86,p.D342fs*15,1
87,p.D389N,1
88,p.D390fs*72,1
89,p.D425Y,1
90,p.D438N,1
91,p.D472fs*179,1
92,p.D492Y,1
93,p.D513E,1
94,p.D529del,1
95,p.D531N,1
96,p.D531delD,1
97,p.D531fs*15,1
98,p.D559D,3
99,p.D579fs*72,1
100,p.D592G,1
101,p.D614N,2
102,p.D614Y,1
103,p.D618fs*33,1
104,p.D641fs*27,1
105,p.D668N,1
106,p.D668fs*24,1
107,p.D686G,1
108,p.D686H,1
109,p.D686Y,2
110,p.D686fs*17,2
111,p.D702E,1
112,p.D702V,1
113,p.D702fs*?,1
114,p.D712A,1
115,p.D712N,1
116,p.D748D,3
117,p.D748N,1
118,p.D768fs*11,1
119,p.D768fs*?,1
120,p.D781G,1
121,p.D781H,1
122,p.D79N,1
123,p.D857N,1
124,p.D857fs*24,1
125,p.D876E,2
126,p.E119V,4
127,p.E211*,1
128,p.E211fs*9,1
129,p.E228*,1
130,p.E238fs*18,1
131,p.E240fs*8,1
132,p.E245*,1
133,p.E263fs*53,1
134,p.E285*,1
135,p.E285fs*31,1
136,p.E30A,3
137,p.E39*,1
138,p.E400*,1
139,p.E400fs*9,1
140,p.E40E,2
141,p.E427fs*18,1
142,p.E427fs*35,1
143,p.E434*,1
144,p.E444_A445delEA,1
145,p.E477*,4
146,p.E477fs*173,2
147,p.E505*,2
148,p.E505fs*146,1
149,p.E51fs*8,1
150,p.E523*,1
151,p.E544G,1
152,p.E544V,1
153,p.E544fs*1,2
154,p.E556fs*34,2
155,p.E561K,1
156,p.E585V,1
157,p.E595*,1
158,p.E599*,1
159,p.E616*,1
160,p.E616fs*35,2
161,p.E631G,2
162,p.E664K,1
163,p.E718V,1
164,p.E725fs*9,1
165,p.E733G,1
166,p.E733V,1
167,p.E733fs*1,6
168,p.E733fs*8,1
169,p.E745fs*34,2
170,p.E74fs*53,1
171,p.E774*,1
172,p.E774D,1
173,p.E774K,1
174,p.E774V,1
175,p.E784*,1
176,p.E817V,1
177,p.E820G,2
178,p.E863D,1
179,p.E863K,1
180,p.E907V,1
181,p.E907del,1
182,p.E96*,1
183,p.F225L,1
184,p.F225fs*237,1
185,p.F225fs*7,1
186,p.F320fs*36,1
187,p.F354fs*?,1
188,p.F414L,1
189,p.F414fs*237,1
190,p.F414fs*7,2
191,p.F451fs*10,1
192,p.F509fs*1,1
193,p.F509fs*36,1
194,p.F542V,2
195,p.F543C,1
196,p.F543L,3
197,p.F543S,1
198,p.F543delF,4
199,p.F543fs*47,1
200,p.F563L,2
201,p.F563delF,3
202,p.F566L,1
203,p.F566S,2
204,p.F640Y,1
205,p.F640fs*10,1
206,p.F640fs*11,1
207,p.F679S,1
208,p.F681L,1
209,p.F713V,1
210,p.F713fs*4,1
211,p.F720C,1
212,p.F720fs*>4,1
213,p.F731C,1
214,p.F731L,3
215,p.F731V,2
216,p.F731_F732del,1
217,p.F731del,8
218,p.F732C,1
219,p.F732L,3
220,p.F732S,3
221,p.F732del,1
222,p.F732delF,5
223,p.F732fs*47,1
224,p.F734L,1
225,p.F751I,2
226,p.F751L,2
227,p.F751V,1
228,p.F751fs*28,1
229,p.F752C,2
230,p.F752L,5
231,p.F752del,4
232,p.F755L,2
233,p.F755S,3
234,p.F772I,1
235,p.F772fs*8,1
236,p.F827fs*4,1
237,p.F851fs*2,1
238,p.F851fs*3,2
239,p.F868S,1
240,p.F868V,2
241,p.F870L,1
242,p.F902V,1
243,p.F902del,1
244,p.F902fs*4,3
245,p.F909C,3
246,p.F909fs*>4,1
247,p.G109E,1
248,p.G109_G113delGKLRG,1
249,p.G119D,1
250,p.G143R,1
251,p.G143fs*11,1
252,p.G145fs*6,1
253,p.G287fs*29,1
254,p.G289fs*27,1
255,p.G298E,1
256,p.G298_G302delGKLRG,1
257,p.G302S,1
258,p.G308D,1
259,p.G309E,1
260,p.G332*,1
261,p.G332R,2
262,p.G332fs*11,2
263,p.G334fs*11,2
264,p.G334fs*6,1
265,p.G34S,4
266,p.G354A,1
267,p.G354C,7
268,p.G361R,1
269,p.G381fs*75,1
270,p.G401fs*61,2
271,p.G453E,1
272,p.G457E,1
273,p.G457fs*22,1
274,p.G496R,1
275,p.G498E,1
276,p.G510C,1
277,p.G510D,1
278,p.G510R,1
279,p.G510S,1
280,p.G510fs*6,1
281,p.G511E,1
282,p.G511R,1
283,p.G511V,1
284,p.G511_G512delGG,1
285,p.G512R,1
286,p.G517W,1
287,p.G518D,1
288,p.G539D,1
289,p.G539_F543delGRLFF,1
290,p.G542G,1
291,p.G543A,5
292,p.G543C,25
293,p.G543V,3
294,p.G543fs*108,1
295,p.G550R,8
296,p.G570fs*75,1
297,p.G573C,1
298,p.G590fs*61,4
299,p.G607D,1
300,p.G642E,1
301,p.G646E,1
302,p.G646fs*22,1
303,p.G673R,2
304,p.G673S,1
305,p.G685R,4
306,p.G699C,1
307,p.G699D,4
308,p.G699R,1
309,p.G699S,2
310,p.G699fs*6,1
311,p.G706R,1
312,p.G706W,1
313,p.G707D,3
314,p.G707V,2
315,p.G707fs*72,1
316,p.G728D,1
317,p.G728R,1
318,p.G728_F732delGRLFF,1
319,p.G762>AMG,4
320,p.G762C,1
321,p.G796D,1
322,p.G796V,1
323,p.G869S,1
324,p.G869fs*12,1
325,p.G890D,1
326,p.G890S,1
327,p.G890fs*24,1
328,p.H317fs*40,1
329,p.H355fs*?,1
330,p.H506fs*145,1
331,p.H506fs*40,1
332,p.H550P,1
333,p.H632R,2
334,p.H684N,1
335,p.H739P,1
336,p.H821R,2
337,p.H821fs*4,1
338,p.H873N,1
339,p.I103T,1
340,p.I121fs*11,1
341,p.I180N,1
342,p.I292T,1
343,p.I306T,1
344,p.I310fs*11,1
345,p.I369N,1
346,p.I407S,1
347,p.I407T,1
348,p.I492delI,1
349,p.I493fs*158,1
350,p.I495T,1
351,p.I506T,1
352,p.I516T,3
353,p.I516fs*8,1
354,p.I591T,4
355,p.I634F,1
356,p.I655N,1
357,p.I655T,1
358,p.I661N,1
359,p.I681F,1
360,p.I681delI,1
361,p.I695T,1
362,p.I705F,2
363,p.I705S,1
364,p.I705T,5
365,p.I705fs*8,1
366,p.I715F,1
367,p.I780T,7
368,p.I898T,2
369,p.K110N,1
370,p.K146fs*10,1
371,p.K244fs*219,1
372,p.K267fs*16,1
373,p.K275*,1
374,p.K279R,1
375,p.K299N,1
376,p.K335fs*10,1
377,p.K429*,1
378,p.K433fs*219,1
379,p.K441fs*4,1
380,p.K456fs*16,1
381,p.K464*,1
382,p.K468R,2
383,p.K532N,1
384,p.K54N,2
385,p.K577*,1
386,p.K577fs*13,1
387,p.K589fs*?,1
388,p.K630fs*4,1
389,p.K632fs*19,2
390,p.K637N,1
391,p.K640R,1
392,p.K721N,1
393,p.K744fs*35,1
394,p.K766fs*13,1
395,p.K766fs*15,1
396,p.K766fs*?,1
397,p.K826N,2
398,p.K826R,1
399,p.K829*,1
400,p.K829I,2
401,p.K829R,2
402,p.K841E,1
403,p.K841Q,1
404,p.K906*,1
405,p.L106P,1
406,p.L155P,3
407,p.L155Q,2
408,p.L158P,1
409,p.L184Q,2
410,p.L295P,1
411,p.L315fs*147,2
412,p.L319P,2
413,p.L344P,4
414,p.L344Q,2
415,p.L347P,2
416,p.L358R,1
417,p.L373P,2
418,p.L373Q,2
419,p.L422L,43
420,p.L422fs*21,1
421,p.L422fs*6,1
422,p.L448Q,1
423,p.L448R,1
424,p.L464W,2
425,p.L504fs*147,2
426,p.L508P,2
427,p.L514P,1
428,p.L514V,2
429,p.L514fs*2,1
430,p.L524fs*66,1
431,p.L534fs*56,1
432,p.L541fs*49,1
433,p.L547F,1
434,p.L547H,5
435,p.L547P,1
436,p.L547R,3
437,p.L566*,1
438,p.L584H,2
439,p.L594fs*57,2
440,p.L595P,2
441,p.L616F,1
442,p.L626V,1
443,p.L637Q,2
444,p.L637R,1
445,p.L653F,1
446,p.L653W,2
447,p.L670*,2
448,p.L670F,1
449,p.L670fs*22,1
450,p.L703P,1
451,p.L703V,2
452,p.L703fs*2,1
453,p.L713F,1
454,p.L713fs*66,2
455,p.L723fs*56,5
456,p.L730F,1
457,p.L730P,1
458,p.L730fs*49,1
459,p.L737H,1
460,p.L737R,1
461,p.L754R,1
462,p.L773H,2
463,p.L773I,2
464,p.L773P,1
465,p.L773R,2
466,p.L805*,1
467,p.L805F,1
468,p.L815V,1
469,p.L819P,1
470,p.L859*,2
471,p.L859F,1
472,p.L859fs*22,1
473,p.L889P,1
474,p.L901H,1
475,p.L901R,1
476,p.M126fs*1,1
477,p.M140fs*16,1
478,p.M315fs*1,2
479,p.M329fs*16,1
480,p.M359fs*29,1
481,p.M493fs*23,1
482,p.M513I,2
483,p.M548I,1
484,p.M548T,1
485,p.M548fs*29,1
486,p.M612T,1
487,p.M612V,4
488,p.M682fs*23,4
489,p.M691I,3
490,p.M691V,1
491,p.M801T,1
492,p.M801V,5
493,p.M852V,1
494,p.M852fs*1,1
495,p.M880I,4
496,p.M880V,7
497,p.N171fs*33,1
498,p.N360fs*33,1
499,p.N363fs*1,1
500,p.N501S,5
501,p.N501T,1
502,p.N516fs*135,1
503,p.N516fs*?,3
504,p.N551fs*29,1
505,p.N552fs*1,1
506,p.N552fs*97,1
507,p.N553fs*25,1
508,p.N608D,1
509,p.N649D,2
510,p.N690D,1
511,p.N690S,3
512,p.N711Y,1
513,p.N717N,2
514,p.N717S,5
515,p.N797*,1
516,p.N797D,1
517,p.N797K,1
518,p.N797S,1
519,p.N797T,1
520,p.N797Y,1
521,p.N838D,5
522,p.N838fs*17,1
523,p.N879D,4
524,p.N879S,4
525,p.P106R,1
526,p.P196fs*22,2
527,p.P256fs*59,1
528,p.P264fs*?,1
529,p.P307L,1
530,p.P307R,2
531,p.P385fs*22,2
532,p.P391L,1
533,p.P444H,1
534,p.P444L,1
535,p.P511A,1
536,p.P529L,1
537,p.P569_A572del,1
538,p.P580L,1
539,p.P588L,1
540,p.P610A,2
541,p.P610L,2
542,p.P625T,1
543,p.P625fs*26,1
544,p.P627fs*24,1
545,p.P633H,1
546,p.P633L,1
547,p.P660L,1
548,p.P660fs*4,1
549,p.P700A,1
550,p.P700L,2
551,p.P707L,1
552,p.P715L,5
553,p.P715S,1
554,p.P718L,2
555,p.P718R,2
556,p.P777L,1
557,p.P777R,1
558,p.P799A,2
559,p.P799L,6
560,p.P799R,3
561,p.P849L,2
562,p.P849R,1
563,p.P849fs*4,1
564,p.P871L,1
565,p.P896L,2
566,p.P896P,1
567,p.P904A,3
568,p.P904L,16
569,p.P904S,2
570,p.P904fs*>8,1
571,p.P9P,10
572,p.Q100H,2
573,p.Q110fs*14,1
574,p.Q153*,1
575,p.Q167*,2
576,p.Q167R,1
577,p.Q173*,1
578,p.Q231*,2
579,p.Q231L,1
580,p.Q231fs*85,1
581,p.Q237*,2
582,p.Q248*,1
583,p.Q249*,1
584,p.Q296*,1
585,p.Q326*,1
586,p.Q338*,1
587,p.Q356*,2
588,p.Q356R,1
589,p.Q362*,1
590,p.Q374*,1
591,p.Q384*,1
592,p.Q402*,1
593,p.Q42*,2
594,p.Q426*,3
595,p.Q42fs*85,1
596,p.Q48*,1
597,p.Q485*,1
598,p.Q485fs*166,1
599,p.Q515*,2
600,p.Q527*,1
601,p.Q527H,2
602,p.Q573*,1
603,p.Q59*,1
604,p.Q60*,1
605,p.Q606*,3
606,p.Q615*,4
607,p.Q653E,1
608,p.Q653fs*12,2
609,p.Q656fs*49,2
610,p.Q657*,1
611,p.Q678*,1
612,p.Q692*,1
613,p.Q696fs*9,2
614,p.Q697E,1
615,p.Q697R,1
616,p.Q816*,1
617,p.Q842*,3
618,p.Q842E,1
619,p.Q842H,2
620,p.Q842fs*12,2
621,p.Q846*,1
622,p.Q846fs*9,1
623,p.Q886*,2
624,p.Q886E,3
625,p.Q886R,1
626,p.R120L,1
627,p.R131*,1
628,p.R137C,1
629,p.R137H,1
630,p.R177P,1
631,p.R19W,1
632,p.R285S,1
633,p.R309L,1
634,p.R309fs*9,1
635,p.R320*,5
636,p.R326C,2
637,p.R326H,2
638,p.R355fs*2,1
639,p.R366P,1
640,p.R366S,1
641,p.R367S,1
642,p.R415W,1
643,p.R446Q,1
644,p.R474S,1
645,p.R478W,1
646,p.R484W,1
647,p.R488fs*?,1
648,p.R499H,1
649,p.R531C,1
650,p.R531G,1
651,p.R531H,1
652,p.R540Q,1
653,p.R540W,3
654,p.R544fs*2,1
655,p.R547C,10
656,p.R547H,5
657,p.R547P,1
658,p.R556S,1
659,p.R560C,4
660,p.R582*,5
661,p.R582fs*11,1
662,p.R598*,9
663,p.R603H,1
664,p.R604W,1
665,p.R614G,1
666,p.R635G,1
667,p.R635P,1
668,p.R635Q,4
669,p.R635W,18
670,p.R659C,1
671,p.R676W,2
672,p.R688H,1
673,p.R688S,2
674,p.R693C,63
675,p.R693H,164
676,p.R693P,5
677,p.R693S,6
678,p.R710S,1
679,p.R710fs*7,2
680,p.R720C,1
681,p.R720G,1
682,p.R720H,1
683,p.R729Q,3
684,p.R729W,14
685,p.R736A,1
686,p.R736C,21
687,p.R736G,1
688,p.R736H,20
689,p.R736L,1
690,p.R736P,1
691,p.R749C,10
692,p.R749fs*29,1
693,p.R749fs*30,1
694,p.R767fs*12,2
695,p.R771*,12
696,p.R771G,1
697,p.R771L,1
698,p.R771Q,4
699,p.R771fs*11,1
700,p.R771fs*9,1
701,p.R792C,1
702,p.R792H,5
703,p.R803G,2
704,p.R803K,1
705,p.R803S,2
706,p.R803fs*4,1
707,p.R803fs*5,4
708,p.R836W,1
709,p.R836fs*5,1
710,p.R866T,1
711,p.R882(H^C),7
712,p.R882?,132
713,p.R882C,460
714,p.R882G,3
715,p.R882H,1069
716,p.R882L,6
717,p.R882P,36
718,p.R882S,40
719,p.R885K,1
720,p.R887I,1
721,p.R891fs*15,1
722,p.R899H,3
723,p.R899P,2
724,p.R899S,1
725,p.R899fs*7,2
726,p.S105R,1
727,p.S130fs*26,1
728,p.S267S,1
729,p.S304fs*?,1
730,p.S310fs*150,1
731,p.S312Y,1
732,p.S319fs*26,1
733,p.S352N,1
734,p.S449C,1
735,p.S449F,1
736,p.S499fs*150,1
737,p.S519fs*5,1
738,p.S525C,6
739,p.S535>YDDDGYQS,2
740,p.S535P,1
741,p.S581L,1
742,p.S581W,2
743,p.S638C,1
744,p.S638F,1
745,p.S639N,1
746,p.S650Y,1
747,p.S650fs*16,1
748,p.S663L,1
749,p.S663fs*42,2
750,p.S669F,1
751,p.S669P,1
752,p.S669fs*?,1
753,p.S708fs*5,1
754,p.S714C,25
755,p.S714F,2
756,p.S714P,1
757,p.S770*,2
758,p.S770L,6
759,p.S770W,5
760,p.S770fs*12,1
761,p.S775fs*8,1
762,p.S807fs*3,1
763,p.S828N,1
764,p.S837*,1
765,p.S839Y,1
766,p.S839fs*16,1
767,p.S881N,1
768,p.S892fs*14,1
769,p.T248fs*214,1
770,p.T257fs*59,2
771,p.T437fs*214,1
772,p.T44M,1
773,p.T456A,1
774,p.T503A,2
775,p.T503fs*148,2
776,p.T538_F542>I,1
777,p.T619fs*12,1
778,p.T645A,1
779,p.T671A,1
780,p.T671M,1
781,p.T68fs*59,2
782,p.T727_F731>I,1
783,p.T808fs*12,1
784,p.T834I,2
785,p.T835M,3
786,p.T835_K844del,1
787,p.V150M,1
788,p.V150delV,1
789,p.V183D,1
790,p.V265L,1
791,p.V296G,1
792,p.V296L,1
793,p.V321fs*141,1
794,p.V328D,1
795,p.V339M,1
796,p.V339delV,1
797,p.V372D,1
798,p.V374M,1
799,p.V374fs*14,1
800,p.V378delV,3
801,p.V386fs*7,1
802,p.V399A,1
803,p.V447L,1
804,p.V486A,1
805,p.V501D,1
806,p.V510fs*141,1
807,p.V510fs*36,1
808,p.V515G,1
809,p.V515M,1
810,p.V527I,3
811,p.V563M,3
812,p.V563fs*14,1
813,p.V567del,1
814,p.V567delV,3
815,p.V60fs*5,1
816,p.V636L,2
817,p.V636M,5
818,p.V649L,1
819,p.V649fs*13,1
820,p.V657A,1
821,p.V665G,2
822,p.V665L,2
823,p.V675A,1
824,p.V690D,2
825,p.V690G,2
826,p.V704G,1
827,p.V704M,1
828,p.V716D,3
829,p.V716F,1
830,p.V716I,6
831,p.V758del,1
832,p.V759delV,1
833,p.V76L,1
834,p.V778fs*2,1
835,p.V785M,1
836,p.V809fs*?,1
837,p.V897D,1
838,p.W116*,1
839,p.W124*,2
840,p.W125fs*10,1
841,p.W138*,1
842,p.W141*,2
843,p.W220*,3
844,p.W220G,1
845,p.W220R,2
846,p.W251*,2
847,p.W297*,1
848,p.W305*,3
849,p.W305fs*?,1
850,p.W306*,1
851,p.W306C,2
852,p.W313*,3
853,p.W314*,2
854,p.W314fs*10,1
855,p.W327*,2
856,p.W330*,3
857,p.W392R,1
858,p.W392fs*70,1
859,p.W409*,3
860,p.W409G,1
861,p.W409R,2
862,p.W409S,1
863,p.W440*,2
864,p.W564*,1
865,p.W564fs*26,1
866,p.W581*,2
867,p.W581C,1
868,p.W581G,2
869,p.W581R,6
870,p.W581fs*31,2
871,p.W581fs*70,1
872,p.W581fs*?,1
873,p.W601*,1
874,p.W606R,1
875,p.W671*,1
876,p.W671R,3
877,p.W704C,1
878,p.W704S,2
879,p.W753*,1
880,p.W753G,1
881,p.W753fs*26,1
882,p.W795C,3
883,p.W795R,1
884,p.W795fs*3,1
885,p.W860*,1
886,p.W860R,7
887,p.W860fs*?,1
888,p.W893*,2
889,p.W893C,3
890,p.W893L,1
891,p.W893R,1
892,p.W893S,13
893,p.Y181Y,1
894,p.Y337*,2
895,p.Y337N,1
896,p.Y344C,1
897,p.Y344fs*12,1
898,p.Y365C,2
899,p.Y370*,1
900,p.Y370Y,1
901,p.Y395*,1
902,p.Y395fs*1,1
903,p.Y436S,1
904,p.Y436fs*9,2
905,p.Y448*,3
906,p.Y448fs*25,2
907,p.Y471D,1
908,p.Y471F,1
909,p.Y471H,1
910,p.Y526*,2
911,p.Y526N,1
912,p.Y533C,2
913,p.Y533fs*12,1
914,p.Y535*,1
915,p.Y535C,2
916,p.Y546C,6
917,p.Y546S,3
918,p.Y584*,1
919,p.Y584fs*1,1
920,p.Y592*,2
921,p.Y623*,1
922,p.Y623fs*29,1
923,p.Y660C,3
924,p.Y660D,1
925,p.Y660F,1
926,p.Y660H,1
927,p.Y724*,1
928,p.Y724C,3
929,p.Y735C,12
930,p.Y735N,1
931,p.Y735S,3
932,p.Y735fs*44,1
933,p.Y793S,1
934,p.Y874*,1
935,p.Y874C,1
