AA position,AA Mutation,counts
11,p.D11A,1
19,p.R19W,1
30,p.E30A,3
34,p.G34S,4
44,p.T44M,1
54,p.K54N,2
76,p.V76L,1
79,p.D79N,1
100,p.Q100H,2
103,p.I103T,1
105,p.S105R,1
106,p.L106P,1
106,p.P106R,1
109,p.G109E,1
110,p.K110N,1
119,p.E119V,4
119,p.G119D,1
120,p.R120L,1
122,p.A122S,1
137,p.R137C,1
137,p.R137H,1
143,p.G143R,1
150,p.V150M,1
155,p.L155P,3
155,p.L155Q,2
158,p.L158P,1
162,p.C162Y,1
167,p.Q167R,1
177,p.R177P,1
179,p.A179T,1
180,p.I180N,1
181,p.Y181Y,1
183,p.V183D,1
184,p.L184Q,2
187,p.A187P,1
200,p.D200N,1
220,p.W220G,1
220,p.W220R,2
221,p.A221T,2
225,p.F225L,1
231,p.Q231L,1
249,p.D249N,1
265,p.V265L,1
267,p.S267S,1
268,p.D268H,1
268,p.D268N,1
279,p.K279R,1
285,p.R285S,1
292,p.I292T,1
295,p.L295P,1
296,p.V296G,1
296,p.V296L,1
298,p.G298E,1
299,p.K299N,1
302,p.G302S,1
303,p.D303Y,1
305,p.C305Y,1
306,p.I306T,1
306,p.W306C,1
307,p.P307L,1
307,p.P307R,2
308,p.C308G,1
308,p.C308R,2
308,p.C308Y,1
308,p.G308D,1
309,p.G309E,1
309,p.R309L,1
312,p.S312Y,1
319,p.L319P,2
326,p.R326C,2
326,p.R326H,2
328,p.V328D,1
332,p.G332R,2
337,p.Y337N,1
339,p.V339M,1
344,p.L344P,4
344,p.L344Q,2
344,p.Y344C,1
347,p.L347P,2
351,p.C351G,1
351,p.C351Y,1
352,p.S352N,1
354,p.G354A,1
354,p.G354C,7
356,p.Q356R,1
358,p.L358R,1
361,p.G361R,1
365,p.Y365C,2
366,p.R366P,1
366,p.R366S,1
367,p.R367S,1
368,p.A368D,1
368,p.A368T,1
369,p.I369N,1
370,p.Y370Y,1
372,p.V372D,1
373,p.C373Y,1
373,p.L373P,2
373,p.L373Q,2
374,p.V374M,1
376,p.A376P,1
380,p.A380A,3
389,p.D389N,1
391,p.P391L,1
392,p.W392R,1
399,p.V399A,1
407,p.I407S,1
407,p.I407T,1
409,p.W409G,1
409,p.W409R,2
409,p.W409S,1
410,p.A410T,2
414,p.F414L,1
415,p.R415W,1
421,p.A421V,1
422,p.L422L,43
425,p.D425Y,1
436,p.Y436S,1
438,p.D438N,1
444,p.P444H,1
444,p.P444L,1
446,p.R446Q,1
447,p.V447L,1
448,p.L448Q,1
448,p.L448R,1
449,p.S449C,1
449,p.S449F,1
453,p.G453E,1
456,p.T456A,1
457,p.G457E,1
464,p.L464W,2
468,p.K468R,2
471,p.Y471D,1
471,p.Y471F,1
471,p.Y471H,1
474,p.R474S,1
478,p.R478W,1
484,p.R484W,1
486,p.V486A,1
492,p.D492Y,1
494,p.C494Y,3
495,p.I495T,1
496,p.G496R,1
497,p.C497G,3
497,p.C497R,2
497,p.C497Y,3
498,p.G498E,1
499,p.R499H,1
501,p.N501S,5
501,p.N501T,1
501,p.V501D,1
503,p.T503A,2
506,p.I506T,1
508,p.L508P,2
510,p.G510C,1
510,p.G510D,1
510,p.G510R,1
510,p.G510S,1
511,p.G511E,1
511,p.G511R,1
511,p.G511V,1
511,p.P511A,1
512,p.G512R,1
513,p.D513E,1
513,p.M513I,2
514,p.L514P,1
514,p.L514V,2
515,p.V515G,1
515,p.V515M,1
516,p.I516T,3
517,p.G517W,1
518,p.G518D,1
521,p.C521S,3
525,p.S525C,6
526,p.Y526N,1
527,p.Q527H,2
527,p.V527I,3
529,p.P529L,1
531,p.D531N,1
531,p.R531C,1
531,p.R531G,1
531,p.R531H,1
532,p.K532N,1
533,p.Y533C,2
535,p.S535P,1
535,p.Y535C,2
537,p.C537G,2
539,p.G539D,1
540,p.C540G,1
540,p.C540Y,1
540,p.R540Q,1
540,p.R540W,3
542,p.F542V,2
542,p.G542G,1
543,p.F543C,1
543,p.F543L,3
543,p.F543S,1
543,p.G543A,5
543,p.G543C,25
543,p.G543V,3
544,p.E544G,1
544,p.E544V,1
546,p.Y546C,6
546,p.Y546S,3
547,p.L547F,1
547,p.L547H,5
547,p.L547P,1
547,p.L547R,3
547,p.R547C,10
547,p.R547H,5
547,p.R547P,1
548,p.M548I,1
548,p.M548T,1
550,p.G550R,8
550,p.H550P,1
554,p.C554Y,2
556,p.R556S,1
557,p.C557F,1
557,p.C557R,1
559,p.C559Y,1
559,p.D559D,3
560,p.R560C,4
561,p.E561K,1
562,p.C562Y,2
563,p.F563L,2
563,p.V563M,3
566,p.F566L,1
566,p.F566S,2
571,p.A571S,1
573,p.G573C,1
580,p.P580L,1
581,p.S581L,1
581,p.S581W,2
581,p.W581C,1
581,p.W581G,2
581,p.W581R,6
583,p.C583Y,1
584,p.L584H,2
585,p.E585V,1
586,p.C586Y,1
588,p.P588L,1
591,p.I591T,4
592,p.D592G,1
595,p.L595P,2
603,p.R603H,1
604,p.R604W,1
606,p.W606R,1
607,p.G607D,1
608,p.N608D,1
610,p.A610V,1
610,p.P610A,2
610,p.P610L,2
612,p.M612T,1
612,p.M612V,4
614,p.D614N,2
614,p.D614Y,1
614,p.R614G,1
616,p.L616F,1
625,p.P625T,1
626,p.L626V,1
631,p.E631G,2
632,p.H632R,2
633,p.P633H,1
633,p.P633L,1
634,p.I634F,1
635,p.R635G,1
635,p.R635P,1
635,p.R635Q,4
635,p.R635W,18
636,p.V636L,2
636,p.V636M,5
637,p.K637N,1
637,p.L637Q,2
637,p.L637R,1
638,p.S638C,1
638,p.S638F,1
639,p.S639N,1
640,p.F640Y,1
640,p.K640R,1
642,p.G642E,1
644,p.A644T,2
645,p.T645A,1
646,p.G646E,1
649,p.N649D,2
649,p.V649L,1
650,p.S650Y,1
653,p.L653F,1
653,p.L653W,2
653,p.Q653E,1
655,p.I655N,1
655,p.I655T,1
657,p.V657A,1
659,p.R659C,1
660,p.P660L,1
660,p.Y660C,3
660,p.Y660D,1
660,p.Y660F,1
660,p.Y660H,1
661,p.I661N,1
662,p.A662G,1
663,p.S663L,1
664,p.E664K,1
665,p.V665G,2
665,p.V665L,1
668,p.D668N,1
669,p.S669F,1
669,p.S669P,1
670,p.L670F,1
671,p.T671A,1
671,p.T671M,1
671,p.W671R,3
673,p.G673R,1
673,p.G673S,1
675,p.V675A,1
676,p.R676W,1
679,p.F679S,1
681,p.F681L,1
681,p.I681F,1
684,p.H684N,1
685,p.G685R,3
686,p.D686G,1
686,p.D686H,1
686,p.D686Y,2
688,p.R688H,1
688,p.R688S,2
690,p.N690D,1
690,p.N690S,3
690,p.V690D,2
690,p.V690G,2
691,p.M691I,3
691,p.M691V,1
693,p.R693C,63
693,p.R693H,164
693,p.R693P,5
693,p.R693S,6
695,p.I695T,1
697,p.Q697E,1
697,p.Q697R,1
699,p.G699C,1
699,p.G699D,4
699,p.G699R,1
699,p.G699S,2
700,p.P700A,1
700,p.P700L,2
702,p.D702E,1
702,p.D702V,1
703,p.L703P,1
703,p.L703V,2
704,p.V704G,1
704,p.V704M,1
704,p.W704C,1
704,p.W704S,2
705,p.I705F,2
705,p.I705S,1
705,p.I705T,5
706,p.G706R,1
706,p.G706W,1
707,p.G707D,3
707,p.G707V,2
707,p.P707L,1
710,p.C710S,5
710,p.R710S,1
711,p.N711Y,1
712,p.D712A,1
712,p.D712N,1
713,p.F713V,1
713,p.L713F,1
714,p.S714C,25
714,p.S714F,1
714,p.S714P,1
715,p.I715F,1
715,p.P715L,5
715,p.P715S,1
716,p.V716D,3
716,p.V716F,1
716,p.V716I,5
717,p.N717N,2
717,p.N717S,5
718,p.E718V,1
718,p.P718L,2
718,p.P718R,2
720,p.F720C,1
720,p.R720C,1
720,p.R720G,1
720,p.R720H,1
721,p.A721P,1
721,p.A721V,1
721,p.K721N,1
724,p.Y724C,3
728,p.G728D,1
728,p.G728R,1
729,p.R729Q,3
729,p.R729W,14
730,p.L730F,1
730,p.L730P,1
731,p.F731C,1
731,p.F731L,3
731,p.F731V,2
732,p.F732C,1
732,p.F732L,3
732,p.F732S,3
733,p.E733G,1
733,p.E733V,1
734,p.F734L,1
735,p.Y735C,12
735,p.Y735N,1
735,p.Y735S,3
736,p.R736A,1
736,p.R736C,21
736,p.R736G,1
736,p.R736H,20
736,p.R736L,1
736,p.R736P,1
737,p.L737H,1
737,p.L737R,1
739,p.H739P,1
741,p.A741V,2
748,p.D748D,3
748,p.D748N,1
749,p.R749C,10
751,p.F751I,1
751,p.F751L,2
751,p.F751V,1
752,p.F752C,2
752,p.F752L,5
753,p.W753G,1
754,p.L754R,1
755,p.F755L,2
755,p.F755S,3
762,p.G762C,1
770,p.S770L,6
770,p.S770W,5
771,p.R771G,1
771,p.R771L,1
771,p.R771Q,4
772,p.F772I,1
773,p.L773H,2
773,p.L773I,2
773,p.L773P,1
773,p.L773R,2
774,p.E774D,1
774,p.E774K,1
774,p.E774V,1
777,p.P777L,1
777,p.P777R,1
780,p.I780T,6
781,p.D781G,1
781,p.D781H,1
782,p.A782D,1
785,p.V785M,1
792,p.R792C,1
792,p.R792H,5
793,p.Y793S,1
795,p.W795C,3
795,p.W795R,1
796,p.G796D,1
796,p.G796V,1
797,p.N797D,1
797,p.N797K,1
797,p.N797T,1
797,p.N797Y,1
799,p.P799A,2
799,p.P799L,6
799,p.P799R,3
801,p.M801T,1
801,p.M801V,5
803,p.R803G,2
803,p.R803K,1
803,p.R803S,2
805,p.L805F,1
815,p.L815V,1
817,p.E817V,1
819,p.L819P,1
820,p.E820G,2
821,p.H821R,2
826,p.K826N,2
826,p.K826R,1
828,p.S828N,1
829,p.K829I,2
829,p.K829R,2
834,p.T834I,2
835,p.T835M,3
836,p.R836W,1
838,p.N838D,5
839,p.S839Y,1
841,p.K841E,1
841,p.K841Q,1
842,p.Q842E,1
842,p.Q842H,2
849,p.P849L,2
849,p.P849R,1
852,p.M852V,1
857,p.D857N,1
859,p.L859F,1
860,p.W860R,6
863,p.E863D,1
863,p.E863K,1
866,p.R866T,1
868,p.F868S,1
868,p.F868V,2
869,p.G869S,1
870,p.F870L,1
871,p.P871L,1
873,p.H873N,1
874,p.Y874C,1
876,p.D876E,2
879,p.N879D,4
879,p.N879S,4
880,p.M880I,4
880,p.M880V,7
881,p.S881N,1
882,p.R882?,132
882,p.R882C,458
882,p.R882G,3
882,p.R882H,1062
882,p.R882L,6
882,p.R882P,36
882,p.R882S,40
884,p.A884V,1
885,p.R885K,1
886,p.Q886E,3
886,p.Q886R,1
887,p.R887I,1
889,p.L889P,1
890,p.G890D,1
890,p.G890S,1
893,p.W893C,3
893,p.W893L,1
893,p.W893R,1
893,p.W893S,12
896,p.P896L,1
896,p.P896P,1
897,p.V897D,1
898,p.I898T,2
899,p.R899H,3
899,p.R899P,1
899,p.R899S,1
901,p.L901H,1
901,p.L901R,1
902,p.F902V,1
904,p.P904A,3
904,p.P904L,16
904,p.P904S,2
907,p.E907V,1
909,p.F909C,3
910,p.A910P,2
910,p.A910V,4
911,p.C911Y,1